Source\Target,diabetes_B1.Pregnancies,diabetes_B1.Glucose,diabetes_B1.BloodPressure,diabetes_B1.SkinThickness,diabetes_B1.Insulin,diabetes_B1.BMI,diabetes_B1.DiabetesPedigreeFunction,diabetes_B1.Age,diabetes_B1.Outcome
diabetes_A1.Pregnancies,1.0,0.12878788,0.38636363,0.34,0.1030303,0.07359307,0.03846154,0.32692307,0.11764706
diabetes_A1.Glucose,0.13076924,0.9848485,0.33846155,0.3846154,0.7878788,0.56277055,0.29411766,0.4,0.015384615
diabetes_A1.BloodPressure,0.37777779,0.3409091,0.9777778,0.9,0.27272728,0.19480519,0.101809956,0.86538464,0.044444446
diabetes_A1.SkinThickness,0.33333334,0.38636363,0.8627451,0.98039216,0.3090909,0.22077923,0.115384616,0.9807692,0.039215688
diabetes_A1.Insulin,0.10119048,0.78571427,0.26190478,0.29761904,0.98214287,0.72727275,0.3800905,0.30952382,0.011904762
diabetes_A1.BMI,0.072649576,0.5641026,0.18803419,0.21367522,0.7051282,0.98717946,0.5294118,0.22222222,0.008547009
diabetes_A1.DiabetesPedigreeFunction,0.038288288,0.2972973,0.0990991,0.11261261,0.3716216,0.5202703,0.9954955,0.117117114,0.0045045046
diabetes_A1.Age,0.34,0.37878788,0.88,1.0,0.3030303,0.21645021,0.11312217,0.96153843,0.04
diabetes_A1.Outcome,0.11764706,0.015151516,0.045454547,0.04,0.012121212,0.008658009,0.004524887,0.03846154,1.0
