Source\Target,diabetes_B1.Pregnancies,diabetes_B1.Glucose,diabetes_B1.BloodPressure,diabetes_B1.SkinThickness,diabetes_B1.Insulin,diabetes_B1.BMI,diabetes_B1.DiabetesPedigreeFunction,diabetes_B1.Age,diabetes_B1.Outcome
diabetes_A1.Pregnancies,1.0,0.07272727,0.0862069,0.1754386,0.07920792,0.013333334,0.05691057,0.0,0.11764706
diabetes_A1.Glucose,0.074074075,0.980198,0.46464646,0.46078432,0.91,0.3277311,0.8596491,0.4950495,0.01
diabetes_A1.BloodPressure,0.06666667,0.46534654,0.8979592,0.2125,0.4787234,0.12765957,0.40350878,0.3026316,0.020833334
diabetes_A1.SkinThickness,0.1724138,0.47572815,0.18292683,0.98039216,0.50526315,0.46666667,0.41379312,0.53731346,0.01923077
diabetes_A1.Insulin,0.078431375,0.9207921,0.4631579,0.48958334,0.9680851,0.34513274,0.80701756,0.5104167,0.010638298
diabetes_A1.BMI,0.013513514,0.325,0.094736844,0.47945204,0.3392857,0.9830508,0.41322315,0.46666667,0.016949153
diabetes_A1.DiabetesPedigreeFunction,0.05691057,0.877193,0.39473686,0.4051724,0.7982456,0.4214876,1.0,0.460177,0.0
diabetes_A1.Age,0.0,0.4950495,0.23076923,0.5625,0.49473685,0.49315068,0.44247788,0.96153843,0.0
diabetes_A1.Outcome,0.11764706,0.009803922,0.021276595,0.019607844,0.010752688,0.016666668,0.0,0.0,1.0
