Source\Target,diabetes_B1.Pregnancies,diabetes_B1.Glucose,diabetes_B1.BloodPressure,diabetes_B1.SkinThickness,diabetes_B1.Insulin,diabetes_B1.BMI,diabetes_B1.DiabetesPedigreeFunction,diabetes_B1.Age,diabetes_B1.Outcome
diabetes_A1.Pregnancies,1.0,0.090909064,0.07692307,0.23076922,0.18181819,0.0,0.25,0.18181819,0.090909064
diabetes_A1.Glucose,0.090909064,1.0,0.23076922,0.15384614,0.0,0.0,0.08333331,0.14285713,0.4285714
diabetes_A1.BloodPressure,0.07692307,0.23076922,1.0,0.0,0.07692307,0.07692307,0.16666669,0.07692307,0.07692307
diabetes_A1.SkinThickness,0.23076922,0.15384614,0.0,1.0,0.15384614,0.0,0.08333331,0.07692307,0.15384614
diabetes_A1.Insulin,0.18181819,0.0,0.07692307,0.15384614,1.0,0.0,0.16666669,0.0,0.0
diabetes_A1.BMI,0.0,0.0,0.07692307,0.0,0.0,1.0,0.0,0.0,0.0
diabetes_A1.DiabetesPedigreeFunction,0.25,0.08333331,0.16666669,0.08333331,0.16666669,0.0,1.0,0.08333331,0.08333331
diabetes_A1.Age,0.18181819,0.14285713,0.07692307,0.07692307,0.0,0.0,0.08333331,1.0,0.14285713
diabetes_A1.Outcome,0.090909064,0.4285714,0.07692307,0.15384614,0.0,0.0,0.08333331,0.14285713,1.0
