Source\Target,diabetes_B1.Pregn;Glucose,diabetes_B1.BloodPressure,diabetes_B1.6i2_SkinThickness,diabetes_B1.Insulin,diabetes_B1.BMI,diabetes_B1.DiabetesPedigreeFunction,diabetes_B1.Age,diabetes_B1.Outc
diabetes_A1.Pregnancies,0.46153843,0.07692307,0.2352941,0.18181819,0.0,0.25,0.18181819,0.090909064
diabetes_A1.Glucose,0.53846157,0.23076922,0.11764705,0.0,0.0,0.08333331,0.14285713,0.14285713
diabetes_A1.BloodPressure,0.07692307,1.0,0.058823526,0.07692307,0.07692307,0.16666669,0.07692307,0.07692307
diabetes_A1.SkinThickness,0.07692307,0.0,0.7647059,0.15384614,0.0,0.08333331,0.07692307,0.07692307
diabetes_A1.Insulin,0.15384614,0.07692307,0.11764705,1.0,0.0,0.16666669,0.0,0.14285713
diabetes_A1.BMI,0.0,0.07692307,0.0,0.0,1.0,0.0,0.0,0.0
diabetes_A1.DiabetesPedigreeFunction,0.16666669,0.16666669,0.125,0.16666669,0.0,1.0,0.08333331,0.08333331
diabetes_A1.Age,0.15384614,0.07692307,0.058823526,0.0,0.0,0.08333331,1.0,0.0
diabetes_A1.Outcome,0.23076922,0.07692307,0.11764705,0.0,0.0,0.08333331,0.14285713,0.57142854
